{
  "variables": {
    "for": {
      "label": "Census API FIPS 'for' clause",
      "concept": "Census API Geography Specification",
      "predicateType": "fips-for",
      "predicateOnly": true
    },
    "in": {
      "label": "Census API FIPS 'in' clause",
      "concept": "Census API Geography Specification",
      "predicateType": "fips-in",
      "predicateOnly": true
    },
    "time": {
      "label": "ISO-8601 Date/Time value",
      "concept": "Census API Date/Time Specification",
      "required": true,
      "predicateType": "datetime",
      "predicateOnly": true,
      "datetime": {
        "year": true
      }
    },
    "job_creation_rate_births": {
      "label": "Job creation rate births",
      "concept": "Economic Statistics",
      "predicateType": "int"
    },
    "sic1": {
      "label": "Industry Sector",
      "concept": "Economic Statistics",
      "predicateType": "int"
    },
    "estabs_entry_rate": {
      "label": "Establishment entry rate",
      "concept": "Economic Statistics",
      "predicateType": "int"
    },
    "ifsize": {
      "label": "Initial firm size",
      "concept": "Economic Statistics",
      "predicateType": "string"
    },
    "estabs_exit": {
      "label": "Establishments exited",
      "concept": "Economic Statistics",
      "predicateType": "int"
    },
    "state": {
      "label": "State FIPS Code",
      "concept": "Selectable Geographies"
    },
    "fsize": {
      "label": "Firm Size",
      "concept": "Economic Statistics",
      "predicateType": "string"
    },
    "firms": {
      "label": "Number of business organizations",
      "concept": "Economic Statistics",
      "predicateType": "int"
    },
    "job_creation_continuers": {
      "label": "Job creation continuers",
      "concept": "Economic Statistics",
      "predicateType": "int"
    },
    "emp": {
      "label": "Employment",
      "concept": "Economic Statistics",
      "predicateType": "int"
    },
    "job_destruction_rate": {
      "label": "Job destruction rate",
      "concept": "Economic Statistics",
      "predicateType": "int"
    },
    "firmdeath_estabs": {
      "label": "Establishment exit due to firm death",
      "concept": "Economic Statistics",
      "predicateType": "int"
    },
    "denom": {
      "label": "Davis-Haltiwanger-Schuh denominator",
      "concept": "Economic Statistics",
      "predicateType": "int"
    },
    "net_job_creation": {
      "label": "Net job creation",
      "concept": "Economic Statistics",
      "predicateType": "int"
    },
    "job_destruction_deaths": {
      "label": "Job destruction deaths",
      "concept": "Economic Statistics",
      "predicateType": "int"
    },
    "job_destruction": {
      "label": "Job destruction",
      "concept": "Economic Statistics",
      "predicateType": "int"
    },
    "msa": {
      "label": "FIPS CMSA MSA code",
      "concept": "Selectable Geographies"
    },
    "job_creation": {
      "label": "Job creation",
      "concept": "Economic Statistics",
      "predicateType": "int"
    },
    "job_creation_births": {
      "label": "Job creation births",
      "concept": "Economic Statistics",
      "predicateType": "int"
    },
    "reallocation_rate": {
      "label": "Reallocation rate",
      "concept": "Economic Statistics",
      "predicateType": "int"
    },
    "net_job_creation_rate": {
      "label": "Net job creation rate",
      "concept": "Economic Statistics",
      "predicateType": "int"
    },
    "firmdeath_firms": {
      "label": "Number of firm exits",
      "concept": "Economic Statistics",
      "predicateType": "int"
    },
    "metro": {
      "label": "Metro Area",
      "concept": "Geographic Characteristics",
      "predicateType": "string"
    },
    "sumlev": {
      "label": "Summary level",
      "concept": "Selectable Geographies",
      "predicateType": "string"
    },
    "estabs_entry": {
      "label": "Establishments born within the last 12 months",
      "concept": "Economic Statistics",
      "predicateType": "int"
    },
    "job_destruction_rate_deat": {
      "label": "Job destruction rate deaths",
      "concept": "Economic Statistics",
      "predicateType": "int"
    },
    "job_destruction_continuer": {
      "label": "Job destruction continuers",
      "concept": "Economic Statistics",
      "predicateType": "int"
    },
    "fage4": {
      "label": "Firm age",
      "concept": "Economic Statistics",
      "predicateType": "string"
    },
    "d_flag": {
      "label": "Disclosure flag",
      "concept": "Economic Statistics",
      "predicateType": "int"
    },
    "firmdeath_emp": {
      "label": "Job destruction from firm exit",
      "concept": "Economic Statistics",
      "predicateType": "int"
    },
    "estabs_exit_rate": {
      "label": "Establishment exit rate",
      "concept": "Economic Statistics",
      "predicateType": "int"
    },
    "year2": {
      "label": "Year of survey",
      "concept": "Economic Statistics",
      "predicateType": "int"
    },
    "job_creation_rate": {
      "label": "Job creation rate",
      "concept": "Economic Statistics",
      "predicateType": "int"
    },
    "estabs": {
      "label": "Physical locations where business is conducted",
      "concept": "Economic Statistics",
      "predicateType": "int"
    }
  }
}