{
  "variables": {
    "for": {
      "label": "Census API FIPS 'for' clause",
      "concept": "Census API Geography Specification",
      "predicateType": "fips-for",
      "predicateOnly": true
    },
    "in": {
      "label": "Census API FIPS 'in' clause",
      "concept": "Census API Geography Specification",
      "predicateType": "fips-in",
      "predicateOnly": true
    },
    "PAYANN": {
      "label": "Annual payroll ($1,000)",
      "concept": "Economic Statistics",
      "predicateType": "string"
    },
    "FOOTID_GEO": {
      "label": "FootID of geography",
      "concept": "Geographic Characteristics",
      "predicateType": "string"
    },
    "GEOTYPE": {
      "label": "Type of geography flag",
      "concept": "Selectable Geographies"
    },
    "PLANREG": {
      "label": "Puerto Rico planning area code",
      "concept": "Geographic Characteristics",
      "predicateType": "string"
    },
    "PAYQTR1": {
      "label": "Total first quarter payroll",
      "concept": "Economic Statistics",
      "predicateType": "string"
    },
    "YEAR": {
      "label": "Year",
      "concept": "Economic Statistics",
      "predicateType": "int"
    },
    "FOOTID_NAICS": {
      "label": "FootID of NAICS",
      "concept": "Economic Statistics",
      "predicateType": "string"
    },
    "GEO_COMP": {
      "label": "Geographic component code",
      "concept": "Geographic Characteristics",
      "predicateType": "string"
    },
    "PLACE": {
      "label": "FIPS Place code",
      "concept": "Selectable Geographies"
    },
    "CONSCITY": {
      "label": "FIPS consolidated city code",
      "concept": "Geographic Characteristics",
      "predicateType": "string"
    },
    "COUNTY": {
      "label": "FIPS county code",
      "concept": "Selectable Geographies"
    },
    "ST": {
      "label": "FIPS state code",
      "concept": "Selectable Geographies"
    },
    "ESTAB_F": {
      "label": "Number of establishments data suppression flag",
      "concept": "Flag Variables",
      "predicateType": "string"
    },
    "CSA": {
      "label": "CSA",
      "concept": "Selectable Geographies"
    },
    "NRCPTOT": {
      "label": "Nonemployer value of business done ($1,000)",
      "concept": "Economic Statistics",
      "predicateType": "string"
    },
    "MD": {
      "label": "MD",
      "concept": "Selectable Geographies"
    },
    "RCPTOT": {
      "label": "Value of business done ($1,000)",
      "concept": "Economic Statistics",
      "predicateType": "string"
    },
    "NESTAB_F": {
      "label": "Number of nonemployer establishments data suppression flag",
      "concept": "Flag Variables",
      "predicateType": "string"
    },
    "GEO_ID": {
      "label": "ID of geography",
      "concept": "Geographic Characteristics",
      "predicateType": "string"
    },
    "NESTAB": {
      "label": "Number of nonemployer establishments",
      "concept": "Economic Statistics",
      "predicateType": "string"
    },
    "EMP": {
      "label": "Number of employees",
      "concept": "Economic Statistics",
      "predicateType": "string"
    },
    "ESTAB": {
      "label": "Number of establishments",
      "concept": "Economic Statistics",
      "predicateType": "string"
    },
    "NAICS2012": {
      "label": "NAICS2012 industry code",
      "concept": "Economic Statistics",
      "required": true,
      "predicateType": "string"
    },
    "MSA": {
      "label": "FIPS CMSA MSA code",
      "concept": "Selectable Geographies"
    },
    "NRCPTOT_F": {
      "label": "Nonemployer value of business done ($1,000) Data Suppression Flag",
      "concept": "Flag Variables",
      "predicateType": "string"
    },
    "NAICS2012_TTL": {
      "label": "Title of NAICS2012",
      "concept": "Economic Statistics",
      "predicateType": "string"
    },
    "EMP_F": {
      "label": "Number of employees data suppression flag",
      "concept": "Flag Variables",
      "predicateType": "string"
    },
    "RCPTOT_F": {
      "label": "Value of business done data suppression flag",
      "concept": "Flag Variables",
      "predicateType": "string"
    },
    "OPTAX": {
      "label": "Type of operation or tax status code",
      "concept": "Economic Statistics",
      "predicateType": "string"
    },
    "PAYQTR1_F": {
      "label": "Total first quarter payroll data suppression flag",
      "concept": "Flag Variables",
      "predicateType": "string"
    },
    "PAYANN_F": {
      "label": "Annual payroll data suppression flag",
      "concept": "Flag Variables",
      "predicateType": "string"
    },
    "GEO_TTL": {
      "label": "Title of geography",
      "concept": "Geographic Characteristics",
      "predicateType": "string"
    },
    "CENREG": {
      "label": "Census region code",
      "concept": "Geographic Characteristics",
      "predicateType": "int"
    }
  }
}