{
  "variables": {
    "YEAR": {
      "label": "Year of projection",
      "concept": "Estimate Variables",
      "required": true,
      "predicateType": "string"
    },
    "RACE_HISP": {
      "label": "Race and Hispanic origin group",
      "concept": "Estimate Variables",
      "required": true,
      "predicateType": "int"
    },
    "BIRTHS": {
      "label": "Number of births in the previous year",
      "concept": "Estimate Variables",
      "required": true,
      "predicateType": "int"
    },
    "SEX": {
      "label": "Sex",
      "concept": "Estimate Variables",
      "required": true,
      "predicateType": "int"
    }
  }
}