{
  "variables": {
    "YEAR": {
      "label": "Year of projection",
      "concept": "Estimate Variables",
      "required": true,
      "predicateType": "string"
    },
    "DTH_67": {
      "label": "Deaths age 67",
      "concept": "Estimate Variables",
      "predicateType": "int"
    },
    "DTH_68": {
      "label": "Deaths age 68",
      "concept": "Estimate Variables",
      "predicateType": "int"
    },
    "DTH_69": {
      "label": "Deaths age 69",
      "concept": "Estimate Variables",
      "predicateType": "int"
    },
    "DTH_20": {
      "label": "Deaths age 20",
      "concept": "Estimate Variables",
      "predicateType": "int"
    },
    "DTH_22": {
      "label": "Deaths age 22",
      "concept": "Estimate Variables",
      "predicateType": "int"
    },
    "DTH_21": {
      "label": "Deaths age 21",
      "concept": "Estimate Variables",
      "predicateType": "int"
    },
    "DTH_24": {
      "label": "Deaths age 24",
      "concept": "Estimate Variables",
      "predicateType": "int"
    },
    "DTH_60": {
      "label": "Deaths age 60",
      "concept": "Estimate Variables",
      "predicateType": "int"
    },
    "DTH_23": {
      "label": "Deaths age 23",
      "concept": "Estimate Variables",
      "predicateType": "int"
    },
    "DTH_61": {
      "label": "Deaths age 61",
      "concept": "Estimate Variables",
      "predicateType": "int"
    },
    "DTH_26": {
      "label": "Deaths age 26",
      "concept": "Estimate Variables",
      "predicateType": "int"
    },
    "DTH_62": {
      "label": "Deaths age 62",
      "concept": "Estimate Variables",
      "predicateType": "int"
    },
    "DTH_25": {
      "label": "Deaths age 25",
      "concept": "Estimate Variables",
      "predicateType": "int"
    },
    "DTH_63": {
      "label": "Deaths age 63",
      "concept": "Estimate Variables",
      "predicateType": "int"
    },
    "DTH_28": {
      "label": "Deaths age 28",
      "concept": "Estimate Variables",
      "predicateType": "int"
    },
    "DTH_64": {
      "label": "Deaths age 64",
      "concept": "Estimate Variables",
      "predicateType": "int"
    },
    "DTH_27": {
      "label": "Deaths age 27",
      "concept": "Estimate Variables",
      "predicateType": "int"
    },
    "DTH_65": {
      "label": "Deaths age 65",
      "concept": "Estimate Variables",
      "predicateType": "int"
    },
    "DTH_66": {
      "label": "Deaths age 66",
      "concept": "Estimate Variables",
      "predicateType": "int"
    },
    "DTH_29": {
      "label": "Deaths age 29",
      "concept": "Estimate Variables",
      "predicateType": "int"
    },
    "DTH_58": {
      "label": "Deaths age 58",
      "concept": "Estimate Variables",
      "predicateType": "int"
    },
    "DTH_59": {
      "label": "Deaths age 59",
      "concept": "Estimate Variables",
      "predicateType": "int"
    },
    "DTH_56": {
      "label": "Deaths age 56",
      "concept": "Estimate Variables",
      "predicateType": "int"
    },
    "DTH_57": {
      "label": "Deaths age 57",
      "concept": "Estimate Variables",
      "predicateType": "int"
    },
    "DTH_11": {
      "label": "Deaths age 11",
      "concept": "Estimate Variables",
      "predicateType": "int"
    },
    "DTH_10": {
      "label": "Deaths age 10",
      "concept": "Estimate Variables",
      "predicateType": "int"
    },
    "DTH_50": {
      "label": "Deaths age 50",
      "concept": "Estimate Variables",
      "predicateType": "int"
    },
    "DTH_15": {
      "label": "Deaths age 15",
      "concept": "Estimate Variables",
      "predicateType": "int"
    },
    "DTH_51": {
      "label": "Deaths age 51",
      "concept": "Estimate Variables",
      "predicateType": "int"
    },
    "DTH_14": {
      "label": "Deaths age 14",
      "concept": "Estimate Variables",
      "predicateType": "int"
    },
    "DTH_13": {
      "label": "Deaths age 13",
      "concept": "Estimate Variables",
      "predicateType": "int"
    },
    "DTH_12": {
      "label": "Deaths age 12",
      "concept": "Estimate Variables",
      "predicateType": "int"
    },
    "DTH_54": {
      "label": "Deaths age 54",
      "concept": "Estimate Variables",
      "predicateType": "int"
    },
    "DTH_19": {
      "label": "Deaths age 19",
      "concept": "Estimate Variables",
      "predicateType": "int"
    },
    "DTH_55": {
      "label": "Deaths age 55",
      "concept": "Estimate Variables",
      "predicateType": "int"
    },
    "DTH_18": {
      "label": "Deaths age 18",
      "concept": "Estimate Variables",
      "predicateType": "int"
    },
    "DTH_52": {
      "label": "Deaths age 52",
      "concept": "Estimate Variables",
      "predicateType": "int"
    },
    "DTH_17": {
      "label": "Deaths age 17",
      "concept": "Estimate Variables",
      "predicateType": "int"
    },
    "DTH_53": {
      "label": "Deaths age 53",
      "concept": "Estimate Variables",
      "predicateType": "int"
    },
    "DTH_16": {
      "label": "Deaths age 16",
      "concept": "Estimate Variables",
      "predicateType": "int"
    },
    "TOTAL_DEATHS": {
      "label": "Total number of deaths",
      "concept": "Estimate Variables",
      "required": true,
      "predicateType": "int"
    },
    "RACE_HISP": {
      "label": "Race and Hispanic origin group",
      "concept": "Estimate Variables",
      "required": true,
      "predicateType": "int"
    },
    "DTH_42": {
      "label": "Deaths age 42",
      "concept": "Estimate Variables",
      "predicateType": "int"
    },
    "DTH_41": {
      "label": "Deaths age 41",
      "concept": "Estimate Variables",
      "predicateType": "int"
    },
    "DTH_44": {
      "label": "Deaths age 44",
      "concept": "Estimate Variables",
      "predicateType": "int"
    },
    "DTH_43": {
      "label": "Deaths age 43",
      "concept": "Estimate Variables",
      "predicateType": "int"
    },
    "DTH_40": {
      "label": "Deaths age 40",
      "concept": "Estimate Variables",
      "predicateType": "int"
    },
    "SEX": {
      "label": "Sex",
      "concept": "Estimate Variables",
      "required": true,
      "predicateType": "int"
    },
    "DTH_85": {
      "label": "Deaths age 85",
      "concept": "Estimate Variables",
      "predicateType": "int"
    },
    "DTH_49": {
      "label": "Deaths age 49",
      "concept": "Estimate Variables",
      "predicateType": "int"
    },
    "DTH_81": {
      "label": "Deaths age 81",
      "concept": "Estimate Variables",
      "predicateType": "int"
    },
    "DTH_46": {
      "label": "Deaths age 46",
      "concept": "Estimate Variables",
      "predicateType": "int"
    },
    "DTH_82": {
      "label": "Deaths age 82",
      "concept": "Estimate Variables",
      "predicateType": "int"
    },
    "DTH_45": {
      "label": "Deaths age 45",
      "concept": "Estimate Variables",
      "predicateType": "int"
    },
    "DTH_83": {
      "label": "Deaths age 83",
      "concept": "Estimate Variables",
      "predicateType": "int"
    },
    "DTH_48": {
      "label": "Deaths age 48",
      "concept": "Estimate Variables",
      "predicateType": "int"
    },
    "DTH_84": {
      "label": "Deaths age 84",
      "concept": "Estimate Variables",
      "predicateType": "int"
    },
    "DTH_47": {
      "label": "Deaths age 47",
      "concept": "Estimate Variables",
      "predicateType": "int"
    },
    "DTH_80": {
      "label": "Deaths age 80",
      "concept": "Estimate Variables",
      "predicateType": "int"
    },
    "DTH_3": {
      "label": "Deaths age 3",
      "concept": "Estimate Variables",
      "predicateType": "int"
    },
    "DTH_4": {
      "label": "Deaths age 4",
      "concept": "Estimate Variables",
      "predicateType": "int"
    },
    "DTH_5": {
      "label": "Deaths age 5",
      "concept": "Estimate Variables",
      "predicateType": "int"
    },
    "DTH_6": {
      "label": "Deaths age 6",
      "concept": "Estimate Variables",
      "predicateType": "int"
    },
    "DTH_0": {
      "label": "Deaths age 0",
      "concept": "Estimate Variables",
      "predicateType": "int"
    },
    "DTH_1": {
      "label": "Deaths age 1",
      "concept": "Estimate Variables",
      "predicateType": "int"
    },
    "DTH_2": {
      "label": "Deaths age 2",
      "concept": "Estimate Variables",
      "predicateType": "int"
    },
    "DTH_33": {
      "label": "Deaths age 33",
      "concept": "Estimate Variables",
      "predicateType": "int"
    },
    "DTH_32": {
      "label": "Deaths age 32",
      "concept": "Estimate Variables",
      "predicateType": "int"
    },
    "DTH_31": {
      "label": "Deaths age 31",
      "concept": "Estimate Variables",
      "predicateType": "int"
    },
    "DTH_30": {
      "label": "Deaths age 30",
      "concept": "Estimate Variables",
      "predicateType": "int"
    },
    "DTH_8": {
      "label": "Deaths age 8",
      "concept": "Estimate Variables",
      "predicateType": "int"
    },
    "DTH_7": {
      "label": "Deaths age 7",
      "concept": "Estimate Variables",
      "predicateType": "int"
    },
    "DTH_78": {
      "label": "Deaths age 78",
      "concept": "Estimate Variables",
      "predicateType": "int"
    },
    "DTH_79": {
      "label": "Deaths age 79",
      "concept": "Estimate Variables",
      "predicateType": "int"
    },
    "DTH_9": {
      "label": "Deaths age 9",
      "concept": "Estimate Variables",
      "predicateType": "int"
    },
    "DTH_76": {
      "label": "Deaths age 76",
      "concept": "Estimate Variables",
      "predicateType": "int"
    },
    "DTH_77": {
      "label": "Deaths age 77",
      "concept": "Estimate Variables",
      "predicateType": "int"
    },
    "DTH_74": {
      "label": "Deaths age 74",
      "concept": "Estimate Variables",
      "predicateType": "int"
    },
    "DTH_39": {
      "label": "Deaths age 39",
      "concept": "Estimate Variables",
      "predicateType": "int"
    },
    "DTH_75": {
      "label": "Deaths age 75",
      "concept": "Estimate Variables",
      "predicateType": "int"
    },
    "DTH_38": {
      "label": "Deaths age 38",
      "concept": "Estimate Variables",
      "predicateType": "int"
    },
    "DTH_72": {
      "label": "Deaths age 72",
      "concept": "Estimate Variables",
      "predicateType": "int"
    },
    "DTH_37": {
      "label": "Deaths age 37",
      "concept": "Estimate Variables",
      "predicateType": "int"
    },
    "DTH_73": {
      "label": "Deaths age 73",
      "concept": "Estimate Variables",
      "predicateType": "int"
    },
    "DTH_36": {
      "label": "Deaths age 36",
      "concept": "Estimate Variables",
      "predicateType": "int"
    },
    "DTH_70": {
      "label": "Deaths age 70",
      "concept": "Estimate Variables",
      "predicateType": "int"
    },
    "DTH_35": {
      "label": "Deaths age 35",
      "concept": "Estimate Variables",
      "predicateType": "int"
    },
    "DTH_71": {
      "label": "Deaths age 71",
      "concept": "Estimate Variables",
      "predicateType": "int"
    },
    "DTH_34": {
      "label": "Deaths age 34",
      "concept": "Estimate Variables",
      "predicateType": "int"
    }
  }
}