{
  "variables": {
    "for": {
      "label": "Census API FIPS 'for' clause",
      "concept": "Census API Geography Specification",
      "predicateType": "fips-for",
      "predicateOnly": true
    },
    "in": {
      "label": "Census API FIPS 'in' clause",
      "concept": "Census API Geography Specification",
      "predicateType": "fips-in",
      "predicateOnly": true
    },
    "PAYANN": {
      "label": "Total Annual Payroll",
      "concept": "CBP County Level Variables",
      "predicateType": "int"
    },
    "FOOTID_GEO": {
      "label": "FootID of Geography",
      "concept": "CBP County Level Variables"
    },
    "GEOTYPE": {
      "label": "Geography type",
      "concept": "Selectable Geographies"
    },
    "YEAR": {
      "label": "Year",
      "concept": "CBP County Level Variables",
      "predicateType": "string"
    },
    "PAYQTR1": {
      "label": "Total First Quarter Payroll",
      "concept": "CBP County Level Variables",
      "predicateType": "int"
    },
    "FOOTID_NAICS": {
      "label": "FootID of NAICS code",
      "concept": "CBP County Level Variables"
    },
    "EMP_N_F": {
      "label": "Total Mid-March Employees Noise Flag",
      "concept": "CBP County Level Variables",
      "predicateType": "string"
    },
    "COUNTY": {
      "label": "FIPS County Code",
      "concept": "Selectable Geographies"
    },
    "ST": {
      "label": "FIPS State Code",
      "concept": "Selectable Geographies"
    },
    "CSA": {
      "label": "Combined Statistical Area",
      "concept": "Geographic Characteristics"
    },
    "ESTAB_F": {
      "label": "Total number of Establishments Data Suppression Flag",
      "concept": "CBP County Level Variables",
      "predicateType": "int"
    },
    "MD": {
      "label": "Metro Division",
      "concept": "Geographic Characteristics",
      "predicateType": "int"
    },
    "GEO_ID": {
      "label": "ID of Geography",
      "concept": "CBP County Level Variables"
    },
    "EMP": {
      "label": "Total Number of Employees",
      "concept": "CBP County Level Variables",
      "predicateType": "int"
    },
    "MSA": {
      "label": "Metropolitan/Micropolitan Statistical Area",
      "concept": "Selectable Geographies"
    },
    "NAICS2012": {
      "label": "NAICS Industry Code",
      "concept": "CBP County Level Variables",
      "predicateType": "string"
    },
    "ESTAB": {
      "label": "Total number of Establishments",
      "concept": "CBP County Level Variables",
      "predicateType": "int"
    },
    "PAYANN_N_F": {
      "label": "Total Annual Payroll Noise Flag",
      "concept": "CBP County Level Variables",
      "predicateType": "string"
    },
    "NAICS2012_TTL": {
      "label": "Title of NAICS code",
      "concept": "CBP County Level Variables"
    },
    "EMP_F": {
      "label": "Number of employees Data Suppression Flag",
      "concept": "CBP County Level Variables",
      "predicateType": "string"
    },
    "PAYQTR1_N": {
      "label": "Total First Quarter Payroll Data With Noise",
      "concept": "CBP County Level Variables",
      "predicateType": "int"
    },
    "PAYANN_N": {
      "label": "Total Annual Payroll With Noise",
      "concept": "CBP County Level Variables",
      "predicateType": "int"
    },
    "PAYQTR1_N_F": {
      "label": "Total First Quarter Payroll Noise Flag",
      "concept": "CBP County Level Variables",
      "predicateType": "string"
    },
    "EMP_N": {
      "label": "Total Mid-March Employees With Noise",
      "concept": "CBP County Level Variables",
      "predicateType": "int"
    },
    "PAYQTR1_F": {
      "label": "Total First Quarter Payroll Data Suppression Flag",
      "concept": "CBP County Level Variables",
      "predicateType": "string"
    },
    "PAYANN_F": {
      "label": "Total Annual Payroll Data Suppression Flag",
      "concept": "CBP County Level Variables",
      "predicateType": "string"
    },
    "GEO_TTL": {
      "label": "Title of Geography",
      "concept": "CBP County Level Variables"
    }
  }
}